Year,Total Liabilities,Total Assets,Debt/Assets
2015,9498160475.38945,10779972601.681013,0.8810931925660295
2016,11802857225.639664,10290418060.840998,1.146975483003366
2017,10927975767.24562,14330880728.874676,0.7625473949571928
2018,10394633936.788147,13005575058.716043,0.7992444693802215
2019,8624074561.769747,13540362888.980228,0.6369160584897187
